amount_band,transactions,fraud_transactions,fraud_rate_pct,avg_amount,fraud_value
01_under_10,125977,125977.0,100.0,3.56,448119.66
02_10_25,73430,71737.0,97.6944,17.56,1250235.18
03_25_50,72761,32117.0,44.1404,38.92,1201589.83
04_50_100,229652,65294.0,28.4317,76.59,4902428.85
05_100_250,713471,61047.0,8.5563,177.34,10546337.22
06_250_500,1329053,66993.0,5.0407,368.68,23339724.47
07_500_1000,1035550,72310.0,6.9828,686.5,53712248.08
08_1000_2500,871554,155253.0,17.8134,1626.57,252269321.45
09_2500_plus,3032318,843991.0,27.8332,117365.62,177185471474.28
